DANNY,Danny,Danny_Ocean,Daniel,Ocean,
FRANK,Frank,Frank_Catton,Catton,
RUSTY,Rusty,Rusty_Ryan,
TISHKOFF,Tishkoff,Reuben,Reuben_Tishkoff,
TURK,Turk_Malloy,Turk,
VIRGIL,Virgil_Malloy,Virgil
LIVINGSTON,Livingston,Livingston_Dell
YEN,Yen,
SAUL,Saul,Saul_Bloom
LINUS,Linus,
BENEDICT,Benedict,Terry_Benedict,Mr_Benedict
TESS,Tess,Tess_Ocean
TOPHER,Topher,
